email_hash,cta_click_date,acquisition_source
d41d8cd98f,2026-08-01 10:00:00,google
e99a18c428,2026-08-02 11:30:00,linkedin
74b8733745,2026-08-02 15:45:00,
1424eeb64b,2026-08-03 09:12:00,twitter
8f14e45fce,2026-08-03 14:20:00,google
c4ca4238a0,2026-08-04 08:00:00,organic
c81e728d9d,2026-08-04 10:15:00,linkedin
eccbc87e4b,2026-08-05 12:00:00,google
a87ff679a2,2026-08-05 16:30:00,facebook
e4da3b7fbb,2026-08-06 09:45:00,google
1679091c5a,2026-08-06 11:10:00,
89d1538927,2026-08-07 13:25:00,twitter
f033ab37c3,2026-08-07 17:00:00,linkedin
d956797521,2026-08-08 08:30:00,google
03364a341b,2026-08-08 14:15:00,organic
188251e46e,2026-08-09 10:00:00,google
d857826323,2026-08-09 11:45:00,linkedin
5f21461090,2026-08-10 09:00:00,facebook
2b9813b194,2026-08-10 15:30:00,google
77a622322a,2026-08-11 12:10:00,twitter