email_hash,opportunity_stage,closed_date,deal_value
d41d8cd98f,Closed Won,2026-08-10,5000.00
e99a18c428,Prospecting,,
1424eeb64b,Closed Lost,2026-08-11,0.00
8f14e45fce,Closed Won,2026-08-12,7500.00
c4ca4238a0,Closed Lost,2026-08-09,0.00
c81e728d9d,Closed Won,2026-08-11,5000.00
a87ff679a2,Prospecting,,
e4da3b7fbb,Closed Won,2026-08-12,10000.00
89d1538927,Closed Lost,2026-08-10,0.00
f033ab37c3,Closed Won,2026-08-12,5000.00
03364a341b,Prospecting,,
188251e46e,Closed Won,2026-08-12,6000.00
5f21461090,Prospecting,,
2b9813b194,Closed Lost,2026-08-12,0.00