email_hash,experiment_id,variant_name
d41d8cd98f,EXP-102,Control
e99a18c428,EXP-102,Variation
74b8733745,EXP-103,Control
8f14e45fce,EXP-102,Variation
c4ca4238a0,EXP-102,Control
c81e728d9d,EXP-102,Variation
eccbc87e4b,EXP-103,Variation
a87ff679a2,EXP-102,Control
e4da3b7fbb,EXP-102,Variation
1679091c5a,EXP-103,Control
89d1538927,EXP-102,Control
f033ab37c3,EXP-102,Variation
d956797521,EXP-103,Variation
03364a341b,EXP-102,Control
188251e46e,EXP-102,Variation
d857826323,EXP-103,Control
5f21461090,EXP-102,Variation
2b9813b194,EXP-102,Control
77a622322a,EXP-103,Variation